SI-NA-A1,AAACGGCG,CCTACCAT,GGCGTTTC,TTGTAAGA
SI-NA-B1,AGGCTACC,CTAGCTGT,GCCAACAA,TATTGGTG
SI-NA-C1,AGACTTTC,CCGAGGCA,GATGCAGT,TTCTACAG
SI-NA-D1,AGCTGCGT,CAACCATC,GTGGAGCA,TCTATTAG
SI-NA-E1,ACGAAAGC,CGCCCGTA,GTTTGCCT,TAAGTTAG
SI-NA-F1,ATCGCTCC,CCGTACAG,GATAGGTA,TGACTAGT
SI-NA-G1,ATGCGATT,CATATGCG,GGATACGA,TCCGCTAC
SI-NA-H1,AAACTCAT,CGGGAGTA,GTCACAGG,TCTTGTCC
SI-NA-A2,AGCCCTTT,CAAGTCCA,GTGAGAAG,TCTTAGGC
SI-NA-B2,AAGTTGAT,CCCACCCA,GGTCGAGC,TTAGATTG
SI-NA-C2,AATCACTA,CCGAGAAC,GTAGTGCG,TGCTCTGT
SI-NA-D2,ACATTCCG,CTGCGGTA,GACACAAT,TGTGATGC
SI-NA-E2,AGGCTGGT,CACAACTA,GTTGGTCC,TCATCAAG
SI-NA-F2,ATGGTTAG,CATTGATA,GCAAACGC,TGCCCGCT
SI-NA-G2,ATAACCTA,CGGTGAGC,GATCTTAT,TCCGAGCG
SI-NA-H2,AACGGTCA,CCGAACTC,GGTCCAAG,TTATTGGT
SI-NA-A3,AAAGCATA,CTGCAGCC,GCCTTTAT,TGTAGCGG
SI-NA-B3,ATTGGACG,CAGCTTAC,GGCAAGGA,TCATCCTT
SI-NA-C3,ACGTTACA,CGTAGGTT,GACGACGG,TTACCTAC
SI-NA-D3,ACTTCACT,CGAAGTTG,GAGCACGC,TTCGTGAA
SI-NA-E3,AACAAGTC,CGGCTCCA,GTATGTAT,TCTGCAGG
SI-NA-F3,AGTCTGTA,CAGAATAG,GCCTCCGT,TTAGGACC
SI-NA-G3,ATGTCCAG,CGACGTCA,GCTATAGC,TACGAGTT
SI-NA-H3,ACACCTAA,CGTTTGGG,GACAAACC,TTGGGCTT
SI-NA-A4,AGAACGCC,CATGGCAG,GTCTTTGA,TCGCAATT
SI-NA-B4,AGGGACTG,CCTCTAAC,GACAGGCT,TTATCTGA
SI-NA-C4,ACATTGGC,CTTAGTCA,GAGCCCAT,TGCGAATG
SI-NA-D4,AAATCGTC,CTTCGAAT,GCGATCGG,TGCGATCA
SI-NA-E4,AGCTGACG,CCGGTGTC,GTAAACAT,TATCCTGA
SI-NA-F4,AACGACAC,CGTCCTCT,GCATGATA,TTGATGGG
SI-NA-G4,AGCTTCTC,CCTGCGGT,GTACAACG,TAGAGTAA
SI-NA-H4,ACTGGAGC,CGGTCGTG,GAAATCAA,TTCCATCT
SI-NA-A5,ATTGGGAA,CAGTCTGG,GGCATACT,TCACACTC
SI-NA-B5,ATCGTACT,CATCAGTG,GGGACTAC,TCATGCGA
SI-NA-C5,ATGCATTC,CACTGACT,GGTACGGG,TCAGTCAA
SI-NA-D5,AGACGGAT,CCTTTAGA,GTCGACTC,TAGACTCG
SI-NA-E5,ATCCAAGG,CCGTTGAA,GGAAGCTC,TATGCTCT
SI-NA-F5,AACACAGC,CGGTTTAG,GTACGGCT,TCTGACTA
SI-NA-G5,ATGAAGTA,CGCCGAAC,GAAGCTCG,TCTTTCGT
SI-NA-H5,ATAGTATG,CCGCGTCT,GGCTCCAC,TATAAGGA
SI-NA-A6,ACGGGACT,CTTTCGAC,GAACATGA,TGCATCTG
SI-NA-B6,AACGCGAA,CTATTTGG,GCGCACCT,TGTAGATC
SI-NA-C6,ACTCAGAC,CGCTCAGG,GAGGTTTA,TTAAGCCT
SI-NA-D6,ATGCCAAA,CCTTATCG,GAAGTCTT,TGCAGGGC
SI-NA-E6,ATTGAAAC,CAGCCCGA,GCCATTTG,TGATGGCT
SI-NA-F6,ATGCCGGC,CCTAATTA,GACTTCCT,TGAGGAAG
SI-NA-G6,AGCACTGG,CATTACAC,GTGCGACA,TCAGTGTT
SI-NA-H6,AAGCATAA,CCCATCGC,GGTTGATG,TTAGCGCT
SI-NA-A7,AGGTCATA,CTCATCAT,GCTGAGGG,TAACGTCC
SI-NA-B7,AGGGATGA,CTTCTGTT,GAATGCAC,TCCACACG
SI-NA-C7,ACACCGGG,CATAATCC,GGCGGAAT,TTGTTCTA
SI-NA-D7,AACTTAGA,CCGGATCC,GGTCGCAT,TTAACGTG
SI-NA-E7,AAGACGTG,CCATGTGT,GTTCACAA,TGCGTACC
SI-NA-F7,ACCCGAGA,CAAACTTT,GGTTAGAC,TTGGTCCG
SI-NA-G7,ATTACCGG,CAGTAATT,GCCGGTAA,TGACTGCC
SI-NA-H7,AACGGGTG,CTAATTCT,GCTTCAAC,TGGCACGA
SI-NA-A8,ATGATACG,CCACAGAA,GACTGTTC,TGTGCCGT
SI-NA-B8,ACGTTCAC,CAAGGTCT,GTTAAGTG,TGCCCAGA
SI-NA-C8,AGCTCGAG,CAGGAAGA,GCACGTTT,TTTATCCC
SI-NA-D8,AATCTTTG,CTCAAGAC,GGATGAGT,TCGGCCCA
SI-NA-E8,AGCCTATG,CTAACGCA,GCTTACAT,TAGGGTGC
SI-NA-F8,AGTTGGGA,CCAGAAAG,GTGCCCTC,TACATTCT
SI-NA-G8,AAGTACTC,CTTGGAGA,GGAACTCT,TCCCTGAG
SI-NA-H8,AAGAGCGG,CTTGTTAT,GGCCCATC,TCATAGCA
SI-NA-A9,ACAACTTG,CTCCAACA,GAGTGCGT,TGTGTGAC
SI-NA-B9,AAGCGTGT,CTTGACCG,GCCACGTA,TGATTAAC
SI-NA-C9,AGATCGGT,CATCGTCG,GTCATATA,TCGGACAC
SI-NA-D9,ACCTACTG,CAAGGGAC,GGGACACA,TTTCTTGT
SI-NA-E9,AGTAAGCA,CCGGTAAT,GTATCTTC,TACCGCGG
SI-NA-F9,AGTTAGTT,CACGCACG,GTACTTAA,TCGAGCGC
SI-NA-G9,AGTCTCAG,CAATGGCA,GCCGAAGT,TTGACTTC
SI-NA-H9,ACCTGCCA,CTTCATAC,GGAATATG,TAGGCGGT
SI-NA-A10,ACAGCAAC,CGCAATTT,GAGTTGCG,TTTCGCGA
SI-NA-B10,ACCATTAA,CTGGACGT,GAACGGTC,TGTTCACG
SI-NA-C10,ATCTGATC,CGTGCTAA,GAGAAGGG,TCACTCCT
SI-NA-D10,AGATAACA,CTTATTTG,GCGGGCAT,TACCCGGC
SI-NA-E10,ATTGTTTC,CGCAGGAG,GCACCAGT,TAGTACCA
SI-NA-F10,ATTCGTGC,CGCGTGCA,GAATACTG,TCGACAAT
SI-NA-G10,ATACTGAG,CGGAGACT,GATGCCTC,TCCTATGA
SI-NA-H10,ATTTCAGC,CGAGTGAT,GACCGCCA,TCGAATTG
SI-NA-A11,ACCAGTCC,CTTTCCTT,GGACAGGG,TAGGTAAA
SI-NA-B11,ATGGTCGC,CGACATAG,GATTCGCT,TCCAGATA
SI-NA-C11,ACCGAACA,CGACTCTT,GTTTGTGG,TAGACGAC
SI-NA-D11,ATATGAGA,CACCTCAG,GCTACTTC,TGGGAGCT
SI-NA-E11,ATCGCCAT,CATAAAGG,GGGTTTCC,TCACGGTA
SI-NA-F11,AGCAGTTA,CTTGTACC,GAACCCGG,TCGTAGAT
SI-NA-G11,AGGGCGTT,CTATACGC,GCTCGTCA,TACATAAG
SI-NA-H11,AGGATCGA,CACGATTC,GTATCGAG,TCTCGACT
SI-NA-A12,ACTACTGT,CGGGAACG,GACCTCTC,TTATGGAA
SI-NA-B12,ACGCTTGG,CGCTACAT,GAAAGACA,TTTGCGTC
SI-NA-C12,ATCCGGCA,CCGTTATG,GGTAATGT,TAAGCCAC
SI-NA-D12,AGAAACGT,CACTCAAC,GCTGTGTA,TTGCGTCG
SI-NA-E12,ACGCGGAA,CGCTATCC,GTTGCATG,TAAATCGT
SI-NA-F12,AATTGAAC,CCAGTGGA,GTCCATTG,TGGACCCT
SI-NA-G12,ACCCGCAC,CATGCGTA,GTGATAGT,TGATATCG
SI-NA-H12,ACGAGTAG,CAATCCCT,GTCCAGGC,TGTGTATA