# Workflow A = Illumina Forward Strand Sequencing Workflow,,,
# Workflow B = Illumina Reverse Complement Sequencing Workflow,,,
# Please contact www.illumina.com if you are unsure which sequencing workflow your Illumina instrument & Illumina reagent kit uses,,,
index_name,index(i7),index2_workflow_a(i5),index2_workflow_b(i5)
SI-TT-A1,GTAACATGCG,AGTGTTACCT,AGGTAACACT
SI-TT-A2,GTGGATCAAA,GCCAACCCTG,CAGGGTTGGC
SI-TT-A3,CACTACGAAA,TTAGACTGAT,ATCAGTCTAA
SI-TT-A4,CTCTAGCGAG,TATCTTCATC,GATGAAGATA
SI-TT-A5,GTAGCCCTGT,GAGCATCTAT,ATAGATGCTC
SI-TT-A6,TAACGCGTGA,CCCTAACTTC,GAAGTTAGGG
SI-TT-A7,TCCCAAGGGT,TACTACCTTT,AAAGGTAGTA
SI-TT-A8,CGAAGTATAC,GAACTTGGAG,CTCCAAGTTC
SI-TT-A9,AAGTGGAGAG,TTCCTGTTAC,GTAACAGGAA
SI-TT-A10,CGTGACATGC,ATGGTCTAAA,TTTAGACCAT
SI-TT-A11,CGGAACCCAA,GATTCGAGGA,TCCTCGAATC
SI-TT-A12,CACCGCACCA,GACTGTCAAT,ATTGACAGTC
SI-TT-B1,ACAGTAACTA,ACAGTTCGTT,AACGAACTGT
SI-TT-B2,TCTACCATTT,CGGGAGAGTC,GACTCTCCCG
SI-TT-B3,CACGGTGAAT,GTTCGTCACA,TGTGACGAAC
SI-TT-B4,GTAGACGAAA,CTAGTGTGGT,ACCACACTAG
SI-TT-B5,TCGGCTCTAC,CCGATGGTCT,AGACCATCGG
SI-TT-B6,AATGCCATGA,TACGTAATGC,GCATTACGTA
SI-TT-B7,GCCTTCGGTA,CCAACGATTT,AAATCGTTGG
SI-TT-B8,GCACTGAGAA,TATGCGTGAA,TTCACGCATA
SI-TT-B9,TATTGAGGCA,CAGGTAAGTG,CACTTACCTG
SI-TT-B10,GCCCGATGGA,AATCGTCTAG,CTAGACGATT
SI-TT-B11,TCTTACTTGC,TGACCTCTAG,CTAGAGGTCA
SI-TT-B12,CGTCAAGGGC,TAGGTCACTC,GAGTGACCTA
SI-TT-C1,TGCGCGGTTT,CAAGGATAAA,TTTATCCTTG
SI-TT-C2,CAATCCCGAC,CCGAGTAGTA,TACTACTCGG
SI-TT-C3,ATGGCTTGTG,GAATGTTGTG,CACAACATTC
SI-TT-C4,TTCTCGATGA,TGTCGGGCAC,GTGCCCGACA
SI-TT-C5,TCCGTTGGAT,ACGTTCTCGC,GCGAGAACGT
SI-TT-C6,ACGACTACCA,ACGACCCTAA,TTAGGGTCGT
SI-TT-C7,CGCGCACTTA,CCTGTATTCT,AGAATACAGG
SI-TT-C8,GCTACAAAGC,CACGTGCCCT,AGGGCACGTG
SI-TT-C9,TATCAGCCTA,GTTTCGTCCT,AGGACGAAAC
SI-TT-C10,AGAATGGTTT,GAGGGTGGGA,TCCCACCCTC
SI-TT-C11,ATGGGTGAAA,CTTGGGAATT,AATTCCCAAG
SI-TT-C12,TCGTCAAGAT,GCAACTCAGG,CCTGAGTTGC
SI-TT-D1,TGCAATGTTC,GCTTGTCGAA,TTCGACAAGC
SI-TT-D2,TTAATACGCG,CACCTCGGGT,ACCCGAGGTG
SI-TT-D3,CCTTCTAGAG,AATACAACGA,TCGTTGTATT
SI-TT-D4,GCAGTATAGG,TTCCGTGCAC,GTGCACGGAA
SI-TT-D5,TGGTTCGGGT,GTGGCAGGAG,CTCCTGCCAC
SI-TT-D6,CCCAGCTTCT,GACACCAAAC,GTTTGGTGTC
SI-TT-D7,CCTGTCAGGG,AGCCCGTAAC,GTTACGGGCT
SI-TT-D8,CGCTGAAATC,AGGTGTCTGC,GCAGACACCT
SI-TT-D9,TGGTCCCAAG,CCTCTGGCGT,ACGCCAGAGG
SI-TT-D10,ATGCGAATGG,ACAAGTGTCG,CGACACTTGT
SI-TT-D11,CGAATATTCG,CTGGAAGCAA,TTGCTTCCAG
SI-TT-D12,GAATTGGTTA,ACTCTAGTAG,CTACTAGAGT
SI-TT-E1,TTATTCGAGG,CTGTCCTGCT,AGCAGGACAG
SI-TT-E2,ATGGAGGGAG,ATAACCCATT,AATGGGTTAT
SI-TT-E3,ACCAGACAAC,AGGAACTAGG,CCTAGTTCCT
SI-TT-E4,AACCACGCAT,ATTCAGGTTA,TAACCTGAAT
SI-TT-E5,CGCGGTAGGT,CAGGATGTTG,CAACATCCTG
SI-TT-E6,TTGAGAGTCA,AACCTGGTAG,CTACCAGGTT
SI-TT-E7,GTCCTTCGGC,TCATGCACAG,CTGTGCATGA
SI-TT-E8,GAGCAAGGGC,ATTGACTTGG,CCAAGTCAAT
SI-TT-E9,TGTCCCAACG,TCGATGTCCA,TGGACATCGA
SI-TT-E10,CACAATCCCA,ATATCCACAA,TTGTGGATAT
SI-TT-E11,TCCGGGACAA,GTGAATGCCA,TGGCATTCAC
SI-TT-E12,CGTCCACCTG,CATTCATGAC,GTCATGAATG
SI-TT-F1,AAGATTGGAT,AGCGGGATTT,AAATCCCGCT
SI-TT-F2,AAGGGCCGCA,CTGATTCCTC,GAGGAATCAG
SI-TT-F3,GAGAGGATAT,TTGAAATGGG,CCCATTTCAA
SI-TT-F4,CCCACCACAA,ACCTCCGCTT,AAGCGGAGGT
SI-TT-F5,CGGCTGGATG,TGATAAGCAC,GTGCTTATCA
SI-TT-F6,TTGCCCGTGC,GCGTGAGATT,AATCTCACGC
SI-TT-F7,AATGTATCCA,AATGAGCTTA,TAAGCTCATT
SI-TT-F8,CTCCTTTAGA,GACATAGCTC,GAGCTATGTC
SI-TT-F9,GTCCCATCAA,CGAACGTGAC,GTCACGTTCG
SI-TT-F10,CCGGCAACTG,CGGTTTAACA,TGTTAAACCG
SI-TT-F11,TTCACACCTT,TAGTGTACAC,GTGTACACTA
SI-TT-F12,GAGACGCACG,CTATGAACAT,ATGTTCATAG
SI-TT-G1,TGTAGTCATT,CTTGATCGTA,TACGATCAAG
SI-TT-G2,CATGTGGGTT,GATTCCTTTA,TAAAGGAATC
SI-TT-G3,ATGACGTCGC,AGGTCAGGAT,ATCCTGACCT
SI-TT-G4,GCGCTTATGG,GCCTGGCTAG,CTAGCCAGGC
SI-TT-G5,ATAGGGCGAG,TGCATCGAGT,ACTCGATGCA
SI-TT-G6,GCGGGTAAGT,TAGCACTAAG,CTTAGTGCTA
SI-TT-G7,GTTTCACGAT,TTCGGCCAAA,TTTGGCCGAA
SI-TT-G8,TAAGCAACTG,CTATACTCAA,TTGAGTATAG
SI-TT-G9,CCGGAGGAAG,TGCGGATGTT,AACATCCGCA
SI-TT-G10,ACTTTACGTG,TGAACGCCCT,AGGGCGTTCA
SI-TT-G11,GATAACCTGC,CATTAGAAAC,GTTTCTAATG
SI-TT-G12,CTTGCATAAA,ATCAGGGCTT,AAGCCCTGAT
SI-TT-H1,ACAATGTGAA,CGTACCGTTA,TAACGGTACG
SI-TT-H2,TAGCATAGTG,CGGCTCTGTC,GACAGAGCCG
SI-TT-H3,CCCGTTCTCG,GACGGATTGG,CCAATCCGTC
SI-TT-H4,AGTTTCCTGG,TGCCACACAG,CTGTGTGGCA
SI-TT-H5,AGCAAGAAGC,TTGTGTTTCT,AGAAACACAA
SI-TT-H6,CCTATCCTCG,GAATACTAAC,GTTAGTATTC
SI-TT-H7,ACCTCGAGCT,TGTGTTCGAT,ATCGAACACA
SI-TT-H8,ATAAGGATAC,ATAGATAGGG,CCCTATCTAT
SI-TT-H9,AGAACTTAGA,CGAGTCCTTT,AAAGGACTCG
SI-TT-H10,TTATCTAGGG,AAAGGCTCTA,TAGAGCCTTT
SI-TT-H11,ACAATCGATC,TGACGGAATG,CATTCCGTCA
SI-TT-H12,TGATGATTCA,GTAGGAGTCG,CGACTCCTAC